{
  "test": {
    "n": 375,
    "model": {
      "auc": 0.6697866287339971,
      "ap": 0.6495405625731578,
      "precision_at_20pct": 0.7466666666666667,
      "ndcg_at_20pct": 0.7180122300539726
    },
    "baseline": {
      "auc": 0.6431863442389758,
      "ap": 0.6333084922274114,
      "precision_at_20pct": 0.6533333333333333,
      "ndcg_at_20pct": 0.690186059471915
    }
  },
  "ood": {
    "n": 300,
    "model": {
      "auc": 0.6748130341880342,
      "ap": 0.6823285442321098,
      "precision_at_20pct": 0.7333333333333333,
      "ndcg_at_20pct": 0.7529875350940916
    },
    "baseline": {
      "auc": 0.6065259971509971,
      "ap": 0.5976908617665769,
      "precision_at_20pct": 0.65,
      "ndcg_at_20pct": 0.6299683297412998
    }
  },
  "real": {
    "n": 31,
    "model": {
      "auc": 0.39166666666666666,
      "ap": 0.41929545935868,
      "precision_at_20pct": 0.3333333333333333,
      "ndcg_at_20pct": 0.22485174766247445,
      "auc_ci95": [
        0.1874343487394958,
        0.6053399122807014
      ]
    },
    "baseline_verdict": {
      "auc": 0.7541666666666667,
      "ap": 0.6619479733817303,
      "precision_at_20pct": 1.0,
      "ndcg_at_20pct": 1.0,
      "auc_ci95": [
        0.6022679924242423,
        0.8888888888888888
      ]
    },
    "baseline_rules": {
      "auc": 0.6625,
      "ap": 0.568243748855204,
      "precision_at_20pct": 0.3333333333333333,
      "ndcg_at_20pct": 0.4329261794091841,
      "auc_ci95": [
        0.4517525431225122,
        0.8477320075757575
      ]
    }
  },
  "leakage_auc_dumb_model": 0.5788904694167852
}